{"cameraMode":{"drawMode":0,"name":"Shaded","section":"Shading Mode"},"sceneLighting":true,"audioPlay":false,"sceneViewState":{"m_AlwaysRefresh":false,"showFog":true,"showSkybox":true,"showFlares":true,"showImageEffects":true,"showParticleSystems":true,"showVisualEffectGraphs":true,"m_FxEnabled":true},"in2DMode":false,"pivot":{"x":18.477924346923829,"y":-56.489315032958987,"z":109.31858825683594},"rotation":{"x":0.15862970054149629,"y":-0.010371414013206959,"z":0.001669310498982668,"w":0.987296998500824},"size":145.56243896484376,"orthographic":false}