{"cameraMode":{"drawMode":0,"name":"Shaded","section":"Shading Mode"},"sceneLighting":true,"audioPlay":false,"sceneViewState":{"m_AlwaysRefresh":false,"showFog":true,"showSkybox":true,"showFlares":true,"showImageEffects":true,"showParticleSystems":true,"showVisualEffectGraphs":true,"m_FxEnabled":true},"in2DMode":false,"pivot":{"x":61.54657745361328,"y":-45.871734619140628,"z":83.81938171386719},"rotation":{"x":0.17473000288009644,"y":-0.04429648071527481,"z":0.007870817556977272,"w":0.9836008548736572},"size":127.55587005615235,"orthographic":false}